IGHV1-1	CACGGTGGCTCAGAGCCCGTGCGCGGCTGTCACAAAACCC
IGHD1-RSS1	GGATTTTGGTCCCCTCTGTGTCACCGTG
IGHD1-RSS2	CACGGTGCTACATCCCATGACAAAAATG
IGHD2-RSS1	GGATTTTGATCCTTTTTGTGTCACCGTG
IGHD2-RSS2	CACAGTGCTTCATCCCATAACAAAAATG
IGHD3-RSS1	GGATTTTGATGCCCTTTGTGTCACCGTG
IGHD3-RSS2	CACGATGTTACATCCCATGACAAAAATG
IGHD4-RSS1	GGATTTTGGTCCCTGCTGTGTCACCGTG
IGHD4-RSS2	CACGGTGCTACATCCCGTGACAAAAACA
IGHD5-RSS1	GGATTTTGTTCCACCCTGTGTCACTGTG
IGHD5-RSS2	CACCGTGCTACATCCCATGACAAAAAGC
IGHJ1	GGTTTTTGGGTGGCGGGTCGATGACTTTGCCCCGCCGTG
IGLV1-1	CACAGTGACACAAAGCAATGGGGAAGTGATACAAAAACC
IGLV1-4	CACAGTGATACAGAGCAATGGGGAAGTGATACAAAAACC
IGLV1-5	CACAGTGACACAGCGCAATGGGGAAGTGATACAAAAACC
IGLV1-6	CACAGTGACACAACGCAATGGGGAAATGATACAAAAACC
IGLV1-10	CACAGTGACACAGCGCAATGGGGAAGTGATACAAAAACC
IGLV1-14	CACAGTGACACCGAGCAATTGGGAAGTGATACAAAAACC
IGLV1-15	CACAGTGATACAGAGCAATGGGGAAGTGATACAAAAACC
IGLV1-16	CACAGTGACACAGCGCAGTGTGGAAGTGATACAAAAACC
IGLV1-19	CACAGTGTCACATTGCTATGGGGAAGTGATACAAAAACC
IGLV1-24	CACAGTGATACAGAGCAATGGGGAAGTGATACAAAAACC
IGLV1-25	CACAGTGACACAGAGCAATGGGGAAGTGATACAAAAACC
IGLV1-69	CACAGTGACACAGAGCAATGGGGAAGTGATACAAAAACC
IGLJ1	GGTTTTTGCATGGCCCTGTATCACTGTG
